month,min_beta_mle,max_beta_mle,min_beta_lsq,max_beta_lsq,beta_mle,beta_lsq,a_lsq
4,0.3234170854271357,0.44778894472361813,0.42964524473473265,0.6081993135027961,0.38809045226130656,0.5216267317166955,1.381214422598905
5,0.5025125628140703,0.6220339195979898,0.6555931243735522,0.820041146715338,0.5622110552763819,0.7345726609789748,3.2009277043327264
6,0.37316582914572866,0.5125866834170854,0.46705304757252325,0.6133190018837972,0.4428140703517588,0.539628977024129,1.9333085620231774
