month,min_beta_mle,max_beta_mle,min_beta_lsq,max_beta_lsq,beta_mle,beta_lsq,a_lsq
4,0.6169346733668342,0.7562311557788945,0.6198391628498335,0.8120416016625491,0.6865829145728644,0.7161896120695819,2.8821990646741322
5,0.6119597989949749,0.7462814070351759,0.6567288738602277,0.8241458712228105,0.6766331658291458,0.7413255396296741,3.3895845095998247
6,0.40798994974874375,0.5472864321608041,0.4640270040052453,0.602409770051984,0.4826130653266332,0.535349643281627,1.9288609307040605
