month,min_beta_mle,max_beta_mle,min_beta_lsq,max_beta_lsq,beta_mle,beta_lsq,a_lsq
4,0.35326633165829147,0.42788944723618094,0.35136995086756223,0.42671074517865154,0.39306532663316585,0.3917203742638948,-0.6202209179950411
5,0.5522613065326634,0.6268844221105528,0.5509840101578234,0.6254692770330298,0.5870854271356785,0.5864962658182994,0.30693304155708745
6,0.4428140703517588,0.512462311557789,0.44491063079429605,0.5126048435746003,0.4826130653266332,0.48068016076172626,0.084462582942336
